scorer,Eren CAN,Eren CAN,Eren CAN,Eren CAN,Eren CAN,Eren CAN,Eren CAN,Eren CAN,Eren CAN,Eren CAN
bodyparts,Xmax,Xmax,Xmin,Xmin,Ymax,Ymax,Ymin,Ymin,Center,Center
coords,x,y,x,y,x,y,x,y,x,y
labeled-data\2021-05-03_21104_002\img01245.png,247.9579278563146,155.4974314893656,196.08286214978887,154.6181930875601,222.6319711558183,136.2465421667917,222.3969818789232,177.95713881567332,222.6319711558183,155.98564142598073
labeled-data\2021-05-03_21104_002\img01860.png,245.2970007570904,151.670985964708,174.88758954050425,153.29581853124455,210.09229514879732,126.75688661114674,215.50840370391936,180.91797216236682,211.17551685982173,156.00387280880557
labeled-data\2021-05-03_21104_002\img01998.png,242.58894647952937,157.62870537534218,177.05403296255307,158.17031623085438,210.63390600430952,126.75688661114674,211.17551685982173,189.58374585056202,211.17551685982173,157.62870537534218
labeled-data\2021-05-03_21104_002\img02688.png,248.0050550346514,161.4199813639276,177.59564381806527,162.503203074952,210.63390600430952,128.92333003319555,212.80034942635834,192.29180012812304,211.71712771533393,162.503203074952
labeled-data\2021-05-03_21104_002\img02889.png,239.3392813464561,159.795148797391,174.8875895405043,159.795148797391,206.8426300157241,127.29849746665894,209.0090734377729,189.04213499504982,207.3842408712363,159.2535379418788
labeled-data\2021-05-03_21104_002\img03025.png,232.83995108030976,157.08709451982998,173.8043678294799,156.54548366431777,202.50974317162652,128.38171917768335,206.3010191602119,184.70924815095222,205.21779744918754,157.08709451982998
labeled-data\2021-05-03_21104_002\img04146.png,219.29967969250472,153.83742938675675,189.5110826393337,154.37904024226896,203.59296488265093,143.54682313202494,203.59296488265093,165.75286820802518,203.59296488265093,154.92065109778116
labeled-data\2021-05-03_21104_002\img04600.png,213.34196028187054,157.08709451982998,191.6775260613825,156.54548366431777,202.50974317162652,146.79648826509816,203.05135402713873,167.3777007745618,203.05135402713873,157.08709451982998
labeled-data\2021-05-03_21104_002\img05242.png,224.71578824762676,158.7119270863666,187.34463921728488,160.3367596529032,206.3010191602119,141.38037970997618,207.3842408712363,176.58508531826917,206.8426300157241,161.4199813639276
labeled-data\2021-05-03_21104_002\img08586.png,217.1332362704559,163.04481393046422,189.5110826393337,161.9615922194398,203.59296488265093,148.42132083163477,203.59296488265093,174.4186418962204,203.59296488265093,162.503203074952
labeled-data\2021-05-03_21104_002\img09074.png,215.50840370391936,161.4199813639276,188.9694717838215,160.8783705084154,202.50974317162652,146.25487740958596,203.05135402713873,173.8770310407082,202.50974317162652,161.4199813639276
labeled-data\2021-05-03_21104_002\img10467.png,220.92451225904134,159.795148797391,184.63658493972392,161.4199813639276,203.59296488265093,142.46360142100053,204.13457573816314,178.2099178848058,203.05135402713873,161.4199813639276
labeled-data\2021-05-03_21104_002\img11960.png,223.32701273727423,164.14685837384852,189.99949209555308,164.42458771252953,205.41347039234913,152.8988201572676,207.2187110937757,177.75559596921798,206.9409817550947,166.09096374461558
labeled-data\2021-05-03_21104_002\img12287.png,215.50840370391936,160.8783705084154,188.9694717838215,160.8783705084154,202.50974317162652,147.87970997612257,201.96813231611432,173.335420185196,202.50974317162652,161.9615922194398
labeled-data\2021-05-03_21104_002\img13355.png,216.05001455943156,164.12803564148857,191.1359152058703,164.12803564148857,204.13457573816314,151.1293751091958,203.59296488265093,176.58508531826922,203.59296488265093,164.66964649700077
labeled-data\2021-05-03_21104_002\img13429.png,227.96545338069993,161.4199813639276,191.6775260613825,161.4199813639276,209.0090734377729,143.54682313202494,210.63390600430952,179.83475045134242,210.63390600430952,163.04481393046422
labeled-data\2021-05-03_21104_002\img14029.png,225.79900995865117,161.96159221943986,182.4701415176751,163.58642478597636,203.59296488265093,140.29715799895177,204.67618659367534,164.66964649700077,207.38424087123636,184.70924815095222
labeled-data\2021-05-03_21104_002\img14781.png,225.79900995865117,163.04481393046422,184.63658493972386,163.04481393046422,204.13457573816314,141.38037970997618,205.7594083046997,183.62602643992778,206.3010191602119,166.29447906353738
labeled-data\2021-05-03_21104_002\img15478.png,218.21645798148026,163.58642478597642,187.88625007279708,164.12803564148857,203.05135402713873,149.50454254265918,204.1345757381632,178.75152874031798,203.59296488265093,164.12803564148857
labeled-data\2021-05-03_21104_002\img16538.png,235.00639450235857,166.83608991904958,182.4701415176751,168.4609224855862,206.8426300157241,137.58910372139076,207.9258517267485,189.04213499504982,208.4674625822607,167.3777007745618
labeled-data\2021-05-03_21107_001\img01193.png,238.06584448988602,109.7578569471091,149.08534111792645,110.86183341574383,193.6859904507697,66.9235699640814,200.53064455630505,150.16339569914038,196.33553397549306,111.08262870947078
labeled-data\2021-05-03_21107_001\img03438.png,246.89765623896392,109.09547106592827,148.4229552367456,106.44592754120491,194.78996691940443,66.48197937662749,198.3226916190356,150.1633956991404,196.99791985667392,109.53706165338215
labeled-data\2021-05-03_21107_001\img03472.png,240.05300213342855,109.97865224083604,151.51408934892285,107.77069930356656,192.58201398213495,68.24834172644307,199.42666808767032,152.1505533426829,196.33553397549306,110.64103812201688
labeled-data\2021-05-03_21107_001\img04186.png,237.4034586087052,108.65388047847436,148.64375053047254,108.65388047847436,191.2572422197733,68.9107276076239,193.6859904507697,149.05941923050568,192.80280927586193,109.3162663596552
labeled-data\2021-05-03_21107_001\img05123.png,236.74107272752437,105.78354166002404,158.8003340419121,104.90036048511627,196.99791985667392,72.2226570135281,201.6346210249398,142.2147651249703,200.3098492625781,106.66672283493185
labeled-data\2021-05-03_21107_001\img05536.png,234.97471037770876,106.00433695375101,148.8645458241995,105.34195107257017,191.91962810095413,66.48197937662749,195.67314809431224,148.61782864305175,193.6859904507697,106.4459275412049
labeled-data\2021-05-03_21107_001\img07377.png,237.62425390243214,109.7578569471091,149.08534111792645,108.43308518474743,192.58201398213498,66.48197937662749,193.90678574449666,149.05941923050568,193.2443998633158,110.19944753456299
labeled-data\2021-05-03_21107_001\img07674.png,229.0132374470812,106.8875181286588,149.08534111792645,107.99149459729352,189.4908798699577,66.70277467035447,187.9453128138691,147.51385217441702,187.94531281386907,107.32910871611267
labeled-data\2021-05-03_21107_001\img08083.png,228.57164685962732,109.53706165338215,148.20215994301864,108.21228989102048,186.84133634523434,67.14436525780835,190.59485633859242,148.17623805559788,188.16610810759605,110.6410381220169
labeled-data\2021-05-03_21107_001\img08195.png,230.3380092094429,109.53706165338215,148.4229552367456,109.09547106592827,186.17895046405351,67.36516055153527,190.15326575113855,148.61782864305178,189.71167516368467,110.6410381220169
labeled-data\2021-05-03_21107_001\img09169.png,226.36369392235784,110.42024282828994,147.31897876811087,108.65388047847438,186.6205410515074,68.02754643271612,185.95815517032656,149.05941923050568,185.7373598765996,111.52421929692468
labeled-data\2021-05-03_21107_001\img09366.png,229.4548280345351,108.65388047847436,147.76056935556474,108.21228989102048,190.8156516323194,68.68993231389697,189.27008457623077,147.07226158696312,189.71167516368467,108.21228989102048
labeled-data\2021-05-03_21107_001\img10226.png,227.68846568471952,105.78354166002406,148.64375053047254,107.77069930356657,187.9453128138691,66.9235699640814,188.82849398877687,146.4098757057823,187.28292693268824,108.65388047847436
labeled-data\2021-05-03_21107_001\img11090.png,226.80528450981174,106.00433695375101,144.44863994966053,105.34195107257017,186.84133634523434,65.37800290799277,187.0621316389613,146.63067099950925,187.72451752014214,106.8875181286588
labeled-data\2021-05-03_21107_001\img11827.png,228.79244215335427,109.7578569471091,148.20215994301864,108.65388047847436,189.9324704574116,68.46913702017002,189.49087986995772,146.4098757057823,189.49087986995772,111.30342400319773
labeled-data\2021-05-03_21107_001\img12748.png,226.1428986286309,107.77069930356657,144.89023053711443,106.66672283493185,188.82849398877687,67.14436525780835,187.28292693268824,148.17623805559788,186.84133634523434,108.65388047847436
labeled-data\2021-05-03_21107_001\img12883.png,222.16858334154585,107.54990400983964,146.87738818065696,108.43308518474743,184.85417870169184,68.46913702017,185.7373598765996,145.30589923714757,184.41258811423793,107.77069930356657
labeled-data\2021-05-03_21107_001\img14496.png,227.24687509726564,107.77069930356657,148.64375053047254,108.43308518474743,188.38690340132297,67.80675113898917,187.28292693268824,145.96828511832842,187.5037222264152,109.53706165338215
labeled-data\2021-05-03_21107_001\img15364.png,234.31232449652794,110.42024282828994,148.20215994301864,109.97865224083606,192.36121868840803,66.26118408290054,191.91962810095413,147.29305688069007,191.03644692604635,110.19944753456299
labeled-data\2021-05-03_21107_001\img16234.png,221.72699275409195,111.52421929692468,152.39727052383063,111.08262870947078,187.28292693268824,75.53458641943232,187.9453128138691,145.74748982460147,187.28292693268824,109.97865224083606
labeled-data\2021-05-03_21107_002\img01815.png,233.23075953876105,109.0623517718692,148.5045083441475,108.38813757138156,191.87895524218573,67.48580940846463,195.69950237828238,151.08837026893218,190.98000297486885,109.51182790552762
labeled-data\2021-05-03_21107_002\img01966.png,231.43285500412736,109.51182790552762,147.60555607683062,109.0623517718692,189.18209844023517,66.811595207977,189.40683650706438,148.1667754001524,189.85631264072282,109.51182790552762
labeled-data\2021-05-03_21107_002\img02837.png,234.80392600656558,109.73656597235684,149.4034606114643,106.81497110357707,190.75526490803963,67.93528554212307,195.25002624462394,149.29046573429846,193.22738364316103,109.96130403918605
labeled-data\2021-05-03_21107_002\img03578.png,241.09659187778357,107.4891853040647,149.85293674512275,106.14075690308943,194.12633591047785,66.36211907431857,200.86847791535428,150.1894180016153,196.37371657877003,107.4891853040647
labeled-data\2021-05-03_21107_002\img04298.png,231.20811693729814,105.69128076943099,148.7292464109767,105.46654270260177,188.95736037340595,67.71054747529385,192.32843137584416,150.63889413527374,190.53052684121042,108.83761370503998
labeled-data\2021-05-03_21107_002\img04565.png,231.43285500412736,108.38813757138156,148.27977027731828,107.71392337089391,188.2831461729183,66.36211907431857,193.45212170999025,147.49256119966475,191.4294791085273,109.51182790552762
labeled-data\2021-05-03_21107_002\img04800.png,230.7586408036397,108.61287563821077,146.93134187634297,107.71392337089391,188.73262230657673,66.811595207977,191.6542171753565,148.1667754001524,190.53052684121047,109.2870898386984
labeled-data\2021-05-03_21107_002\img05809.png,232.5565453382734,108.16339950455234,150.07767481195197,107.26444723723549,190.98000297486885,68.3847616757815,192.7779075095026,147.26782313283553,192.32843137584416,108.16339950455234
labeled-data\2021-05-03_21107_002\img06170.png,224.46597493242172,106.14075690308943,145.80765154219694,105.91601883626022,185.36155130413852,67.26107134163544,188.05840810608913,146.1441327986895,186.93471777194304,107.71392337089391
labeled-data\2021-05-03_21107_002\img07738.png,226.26387946705546,107.71392337089391,146.70660380951375,107.4891853040647,186.70997970511382,68.16002360895229,189.85631264072282,150.41415606844453,187.83367003925986,108.38813757138156
labeled-data\2021-05-03_21107_002\img08671.png,231.65759307095658,107.4891853040647,148.7292464109767,106.36549496991863,188.73262230657673,67.71054747529385,192.32843137584416,147.94203733332319,190.08105070755204,107.71392337089391
labeled-data\2021-05-03_21107_002\img09555.png,222.66807039778803,109.0623517718692,152.77453161390252,110.18604210601526,187.83367003925986,76.02585594797478,189.18209844023517,144.57096633088497,187.8336700392599,110.8602563065029
labeled-data\2021-05-03_21107_002\img09863.png,231.20811693729814,106.36549496991863,147.3808180100014,109.2870898386984,188.9573603734059,67.48580940846463,191.20474104169807,148.84098960064006,189.6315745738936,109.0623517718692
labeled-data\2021-05-03_21107_002\img10952.png,222.89280846461725,107.03970917040627,147.83029414365984,106.36549496991863,185.81102743779695,69.05897587626913,187.83367003925986,144.34622826405575,186.4852416382846,108.38813757138156
labeled-data\2021-05-03_21107_002\img12148.png,224.01649879876328,107.71392337089391,151.20136514609806,105.24180463577257,188.05840810608908,70.85688041090285,187.15945583877226,142.9977998630805,189.6315745738936,107.4891853040647
labeled-data\2021-05-03_21107_002\img12817.png,226.48861753388462,107.4891853040647,157.26929295048683,105.24180463577257,191.6542171753565,73.5537372128534,193.00264557633182,140.3009430611299,192.10369330901494,106.81497110357707
labeled-data\2021-05-03_21107_002\img13373.png,223.79176073193406,109.51182790552762,156.8198168168284,107.93866143772313,189.6315745738936,76.250594014804,189.40683650706438,142.54832372942207,189.85631264072282,109.2870898386984
labeled-data\2021-05-03_21107_002\img13992.png,225.81440333339697,106.81497110357707,147.1560799431722,106.36549496991863,186.4852416382846,67.48580940846463,186.4852416382846,147.26782313283553,186.4852416382846,107.71392337089391
labeled-data\2021-05-03_21107_002\img14252.png,230.7586408036397,105.46654270260177,148.5045083441475,105.24180463577257,190.53052684121047,67.48580940846463,191.87895524218573,146.3688708655187,191.4294791085273,108.16339950455234
labeled-data\2021-05-03_21107_002\img14302.png,231.20811693729814,106.59023303674785,147.83029414365984,105.24180463577257,187.83367003925986,66.811595207977,191.6542171753565,149.51520380112768,190.30578877438126,107.26444723723549
labeled-data\2021-05-03_21108_001\img00213.png,268.0391336520412,110.57946777725189,175.54167667285952,109.49126240102623,221.51835381839393,65.96304735199956,226.68732935546586,154.37973417033498,221.79040516245036,111.39562180942116
labeled-data\2021-05-03_21108_001\img01334.png,267.2229796198719,113.29998121781605,175.54167667285952,111.39562180942116,222.3345078505632,67.05125272822522,223.42271322678886,158.46050433118123,222.06245650650678,113.29998121781605
labeled-data\2021-05-03_21108_001\img02176.png,265.59067155553345,112.48382718564682,175.54167667285952,110.03536508913908,221.51835381839393,67.32330407228167,221.79040516245036,156.82819626684272,219.8860457540554,111.39562180942116
labeled-data\2021-05-03_21108_001\img02455.png,263.68631214713855,109.76331374508266,171.46090651201328,108.67510836885697,218.52578903377335,65.14689331983033,220.43014844216827,152.74742610599648,216.62142962537845,110.85151912130831
labeled-data\2021-05-03_21108_001\img04241.png,265.86272289958987,112.75587852970324,176.08577936097237,112.75587852970324,219.88604575405543,68.95561213662015,221.79040516245036,154.92383685844783,221.51835381839393,113.29998121781605
labeled-data\2021-05-03_21108_001\img04494.png,266.1347742436463,113.57203256187248,175.54167667285952,111.66767315347755,220.7021997862247,66.23509869605599,222.06245650650675,160.36486373957618,220.7021997862247,113.57203256187248
labeled-data\2021-05-03_21108_001\img04805.png,266.6788769317591,112.75587852970324,173.3652659204082,111.93972449753397,221.51835381839393,66.5071500401124,219.88604575405543,154.10768282627856,220.97425113028112,113.57203256187248
labeled-data\2021-05-03_21108_001\img05786.png,266.1347742436463,111.39562180942116,174.9975739847467,110.85151912130831,222.06245650650678,65.69099600794314,218.25373768971696,153.2915287941093,220.7021997862247,111.39562180942113
labeled-data\2021-05-03_21108_001\img06347.png,268.3111849960976,112.2117758415904,175.2696253288031,111.66767315347755,223.15066188273244,66.77920138416883,225.05502129112736,157.10024761089915,222.878610538676,113.29998121781605
labeled-data\2021-05-03_21108_001\img06739.png,268.58323634015403,110.30741643319547,175.54167667285952,109.76331374508266,221.79040516245036,66.23509869605596,226.68732935546586,153.83563148222214,222.60655919461962,112.48382718564679
labeled-data\2021-05-03_21108_001\img08650.png,263.41426080308213,109.49126240102623,176.08577936097237,110.30741643319547,219.34194306594262,68.95561213662015,220.7021997862247,150.02691266543232,220.43014844216827,111.66767315347755
labeled-data\2021-05-03_21108_001\img10109.png,265.86272289958987,112.2117758415904,177.44603608125445,109.76331374508266,221.51835381839393,68.95561213662015,221.24630247433754,155.46793954656064,222.60655919461962,111.93972449753397
labeled-data\2021-05-03_21108_001\img10927.png,268.58323634015403,111.12357046536474,179.35039548964937,110.85151912130831,225.05502129112736,68.13945810445091,227.5034833876351,155.46793954656064,224.23886725895812,112.48382718564682
labeled-data\2021-05-03_21108_001\img11766.png,263.1422094590257,109.49126240102623,179.07834414559295,111.12357046536474,219.88604575405543,68.4115094485073,223.42271322678886,150.2989640094887,222.60655919461962,110.57946777725192
labeled-data\2021-05-03_21108_001\img12152.png,263.68631214713855,107.58690299263131,172.5491118882389,108.13100568074412,218.52578903377335,64.33073928766106,219.0698917218862,153.56358013816572,217.16553231349127,108.13100568074415
labeled-data\2021-05-03_21108_001\img12780.png,262.8701581149693,110.57946777725189,174.18141995257744,109.49126240102623,219.34194306594262,68.13945810445091,221.79040516245036,153.56358013816572,220.97425113028112,110.85151912130831
labeled-data\2021-05-03_21108_001\img12797.png,263.1422094590257,110.57946777725189,173.6373172644646,109.76331374508266,219.61399440999904,67.59535541633807,222.3345078505632,151.93127207382724,220.43014844216827,109.49126240102623
labeled-data\2021-05-03_21108_001\img13884.png,262.0540040828,110.57946777725189,180.98270355398785,108.13100568074415,220.97425113028112,69.22766348067657,224.23886725895812,148.39460460109382,222.06245650650678,108.67510836885697
labeled-data\2021-05-03_21108_001\img14573.png,258.2452852660102,110.30741643319547,178.5342414574801,109.21921105696981,218.79784037782977,68.95561213662015,217.7096350016041,148.66665594515024,218.79784037782977,108.40305702480057
labeled-data\2021-05-03_21108_001\img16135.png,255.79682316950246,109.49126240102623,182.07090893021353,109.49126240102623,219.0698917218862,73.03638229746639,220.15809709811185,144.31383444024755,218.52578903377335,110.57946777725189
labeled-data\2021-05-03_21108_002\img01223.png,265.0231771831594,114.80719297716581,174.18168490692983,112.53615567026007,220.51084596780692,67.34251326283584,219.14822358366348,152.73351600249168,219.60243104504463,114.35298551578467
labeled-data\2021-05-03_21108_002\img02504.png,268.2026294128275,114.1258817850941,172.13775133071465,112.99036313164122,220.28374223711634,66.20699460938297,223.4631944667844,156.1400719628503,221.6463646212598,115.7156078999281
labeled-data\2021-05-03_21108_002\img02706.png,261.61662122280086,109.35670344059203,175.09009982969212,110.71932582473548,217.55849746882947,67.56961699352641,223.4631944667844,156.82138315492202,219.1482235836635,111.17353328611664
labeled-data\2021-05-03_21108_002\img04593.png,262.7521398762537,109.5838071712826,178.7237595207413,107.9940810564486,222.5547795440221,67.11540953214526,223.23609073609381,150.9166861569671,223.69029819747496,110.4922220940449
labeled-data\2021-05-03_21108_002\img06240.png,262.7521398762537,108.44828851782974,175.09009982969212,107.9940810564486,220.96505342918806,66.20699460938297,218.69401612228233,149.7811675035142,220.51084596780692,109.35670344059204
labeled-data\2021-05-03_21108_002\img06399.png,255.7119242248459,107.31276986437686,178.7237595207413,107.76697732575802,218.01270493021062,68.4780319162887,216.195875084686,140.69701827589125,216.87718627675775,107.76697732575802
labeled-data\2021-05-03_21108_002\img06602.png,257.07454660898935,106.40435494161457,180.76769309695646,106.85856240299572,218.69401612228233,71.2032766845756,220.7379496984975,144.33067796694044,220.51084596780692,108.44828851782974
labeled-data\2021-05-03_21108_002\img08545.png,249.5801234962004,107.9940810564486,178.49665579005074,107.76697732575802,213.47063031639914,72.33879533802846,215.06035643123315,141.83253692934412,215.5145638926143,108.67539224852031
labeled-data\2021-05-03_21108_002\img09114.png,250.71564214965326,108.90249597921088,178.95086325143188,108.90249597921088,214.606148969852,72.7930027994096,215.96877135399544,142.2867443907253,215.5145638926143,108.90249597921088
labeled-data\2021-05-03_21108_002\img09517.png,250.4885384189627,106.63145867230514,180.99479682764704,106.40435494161457,216.65008254606715,73.92852145286247,215.96877135399544,142.74095185210643,216.42297881537658,106.85856240299572
labeled-data\2021-05-03_21108_002\img11074.png,266.1586958366123,110.26511836335433,176.9069296752167,109.12959970990146,222.32767581333152,67.56961699352641,221.87346835195038,153.86903465594455,221.4192608905692,110.94642955542605
labeled-data\2021-05-03_21108_002\img12156.png,263.8876585297065,113.21746686233179,178.49665579005074,111.17353328611662,222.78188327471267,68.93223937766984,222.10057208264095,152.05220481041994,222.32767581333152,112.76325940095064
labeled-data\2021-05-03_21108_002\img12598.png,257.7558578010611,110.03801463266376,179.40507071281303,108.44828851782974,220.05663850642577,69.38644683905099,216.65008254606715,150.0082712342048,219.37532731435405,107.31276986437686
labeled-data\2021-05-03_21108_002\img13095.png,249.35301976550983,107.9940810564486,185.08266398007737,106.85856240299572,218.46691239159176,74.60983264493422,217.10429000744833,137.74466977691378,218.69401612228233,107.76697732575802
labeled-data\2021-05-03_21108_002\img13970.png,260.9353100307291,110.71932582473548,182.81162667317165,110.94642955542605,222.32767581333152,72.7930027994096,220.28374223711634,146.82881900453674,222.32767581333152,111.62774074749777
labeled-data\2021-05-03_21108_002\img14455.png,260.25399883865737,108.67539224852031,175.9985147524544,108.67539224852031,218.9211198529729,68.4780319162887,220.28374223711634,151.5979973490388,218.69401612228233,110.03801463266376
labeled-data\2021-05-03_21108_002\img14718.png,256.166131686227,109.35670344059203,177.13403340590727,109.5838071712826,217.78560119952004,70.29486176181331,218.46691239159176,147.73723392729903,217.78560119952004,111.17353328611662
labeled-data\2021-05-03_21108_002\img14847.png,255.48482049415531,108.44828851782974,177.58824086728845,108.67539224852031,216.65008254606715,70.97617295388503,217.78560119952004,148.87275258075192,216.65008254606715,109.81091090197319
labeled-data\2021-05-03_21108_002\img16152.png,256.6203391476082,107.08566613368629,177.36113713659788,109.12959970990146,217.78560119952004,71.43038041526617,218.46691239159176,148.41854511937078,218.01270493021062,109.81091090197319
labeled-data\2021-05-03_21108_002\img16490.png,260.70820630003846,110.94642955542605,176.90692967521673,111.85484447818834,217.78560119952004,70.06775803112274,220.7379496984975,150.00827123420478,219.8295347757352,113.21746686233179
labeled-data\2021-05-05_21102_001\img00434.png,286.896037429598,131.37835290414543,200.44364017081188,128.66257079130398,243.44352362413483,89.96267568331336,247.51719679339698,169.8519328360659,245.25404503269579,130.24677702379483
labeled-data\2021-05-05_21102_001\img01024.png,287.57498295780834,130.47309219986494,200.21732499474177,129.79414667165457,245.70667538483602,89.96267568331336,246.38562091304638,167.58878107536475,244.80141468055552,131.37835290414543
labeled-data\2021-05-05_21102_001\img01101.png,288.4802436620888,130.9257225520052,199.7646946426015,128.20994043916374,242.99089327199457,87.47320874654201,245.02772985662565,167.81509625143485,243.89615397627506,132.28361360842592
labeled-data\2021-05-05_21102_001\img01796.png,289.61181954243943,129.1152011434442,198.18048841011068,129.79414667165457,244.1224691523452,88.37846945082251,245.4803602087659,170.7571935403464,244.1224691523452,131.83098325628566
labeled-data\2021-05-05_21102_001\img02364.png,288.7065588381589,130.9257225520052,200.89627052295214,131.60466808021556,244.1224691523452,87.47320874654201,248.42245749767747,167.58878107536475,245.93299056090615,130.69940737593507
labeled-data\2021-05-05_21102_001\img03454.png,288.4802436620888,129.1152011434442,202.7067919315131,127.07836455881313,241.85931739164397,88.83109980296274,246.38562091304638,165.32562931466353,244.57509950448542,129.1152011434442
labeled-data\2021-05-05_21102_001\img04552.png,294.364438239912,127.7573100870235,204.06468298793382,128.20994043916374,248.42245749767747,90.18899085938347,251.59086996265916,166.0045748428739,249.32771820195796,130.9257225520052
labeled-data\2021-05-05_21102_001\img04631.png,293.9118078877717,128.20994043916374,204.29099816400395,128.20994043916374,247.06456644125674,92.22582744401456,248.42245749767747,162.60984720182208,250.23297890623843,128.66257079130398
labeled-data\2021-05-05_21102_001\img05546.png,287.1223526056681,130.47309219986494,201.12258569902224,128.8888859673741,245.70667538483602,89.5100453311731,247.51719679339698,169.85193283606594,244.80141468055552,130.69940737593507
labeled-data\2021-05-05_21102_001\img05982.png,289.15918919029923,130.9257225520052,207.91204098112587,129.34151631951434,248.42245749767747,90.18899085938347,250.23297890623843,168.72035695571532,250.0066637301683,131.37835290414543
labeled-data\2021-05-05_21102_001\img06081.png,279.2013214432139,128.43625561523385,197.0489125297601,127.07836455881313,238.69090492666228,87.69952392261214,240.04879598308298,166.9098355471544,239.14353527880252,127.53099491095338
labeled-data\2021-05-05_21102_001\img06787.png,286.6697222535279,130.9257225520052,204.29099816400395,129.56783149558447,245.25404503269579,89.05741497903287,246.8382512651866,167.1361507232245,246.38562091304638,130.69940737593507
labeled-data\2021-05-05_21102_001\img07130.png,281.238158027845,130.24677702379483,199.99100981867164,130.24677702379483,242.08563256771407,89.73636050724323,244.34878432841526,167.1361507232245,242.76457809592446,129.79414667165457
labeled-data\2021-05-05_21102_001\img07863.png,278.2960607389334,130.9257225520052,205.19625886828442,129.1152011434442,241.85931739164397,94.26266402864564,244.1224691523452,165.55194449073366,242.53826291985433,131.60466808021556
labeled-data\2021-05-05_21102_001\img07981.png,281.238158027845,130.9257225520052,203.15942228365333,129.56783149558447,241.1803718634336,92.45214262008469,244.80141468055552,168.04141142750495,243.44352362413483,131.60466808021556
labeled-data\2021-05-05_21102_001\img09273.png,281.238158027845,129.34151631951434,207.2330954529155,129.56783149558447,243.44352362413483,92.22582744401456,245.25404503269579,166.0045748428739,244.1224691523452,130.69940737593507
labeled-data\2021-05-05_21102_001\img09991.png,274.67501792181145,131.60466808021556,208.81730168540636,130.24677702379483,240.50142633522324,97.88370684576756,243.2172084480647,161.93090167361171,242.53826291985433,131.37835290414543
labeled-data\2021-05-05_21102_001\img10693.png,281.4644732039151,129.34151631951434,207.68572580505574,128.662570791304,242.99089327199457,93.81003367650541,245.70667538483602,163.74142308217267,245.25404503269579,130.9257225520052
labeled-data\2021-05-05_21102_001\img11136.png,284.63288566889673,124.36258244597168,201.5752160511625,124.58889762204181,242.76457809592446,86.56794804226155,244.57509950448542,165.55194449073366,243.89615397627506,126.85204938274302
labeled-data\2021-05-05_21102_001\img11305.png,269.6960840482688,128.43625561523385,197.50154288190032,129.1152011434442,234.39091658132998,92.67845779615479,237.7856442223818,166.45720519501413,234.84354693347024,131.60466808021556
labeled-data\2021-05-06_21103_001\img01304.png,369.57573231532876,107.80050666821973,278.27865260713224,104.28550867645633,325.37428875909006,63.76168673135709,326.41202663960667,147.64260737284462,324.698365802686,104.57929258585247
labeled-data\2021-05-06_21103_001\img01700.png,369.4381524440897,105.78250076792511,279.2495833935956,100.41717513036029,323.96063037330225,63.1153873644335,327.28202243465194,147.4276473833091,323.19415528222163,104.24955058576373
labeled-data\2021-05-06_21103_001\img02447.png,370.2046275351704,105.01602567684442,277.2056498173804,101.69463361549478,322.68317188816786,61.32694548524526,327.53751413167885,148.70510586844358,323.70513867627545,105.01602567684442
labeled-data\2021-05-06_21103_001\img03090.png,367.90520226192837,103.48307549468305,283.0819588489991,101.95012531252168,321.15022170600645,62.85989566740665,323.9606303733023,140.78486326060982,322.42768019114095,103.73856719170995
labeled-data\2021-05-06_21103_001\img03724.png,368.92716905003596,107.05995925305959,280.78253357575693,105.27151737387132,326.0045639495175,67.71423791091766,327.79300582870576,148.44961417141667,325.2380888584368,107.82643434414027
labeled-data\2021-05-06_21103_001\img04306.png,370.9711026262511,107.82643434414027,281.03802527278384,104.24955058576373,323.9606303733023,62.85989566740665,328.3039892227595,151.26002283871253,325.49358055546367,106.5489758590058
labeled-data\2021-05-06_21103_001\img04768.png,369.69364414111664,103.48307549468305,277.4611415144073,103.73856719170995,321.6612051000603,59.28301190903011,324.9825971614099,149.72707265655117,322.42768019114095,104.76053397981752
labeled-data\2021-05-06_21103_001\img04971.png,367.1387271708477,98.88422494819892,273.88425775603076,97.60676646306445,321.15022170600645,54.42866966551907,324.2161220703292,145.89469720114772,321.15022170600645,100.16168343333341
labeled-data\2021-05-06_21103_001\img05443.png,361.51790983625597,103.99405888873684,274.3952411500846,103.22758379765615,319.6172715238451,60.815962091191466,322.1721884941141,145.89469720114772,319.87276322087195,104.76053397981751
labeled-data\2021-05-06_21103_001\img05812.png,371.4820860203049,106.80446755603269,284.8704007281873,105.52700907089822,327.282022434652,62.85989566740662,330.60341449600156,148.9605975654705,328.55948091978644,106.03799246495201
labeled-data\2021-05-06_21103_001\img06039.png,371.226594323278,106.80446755603269,284.61490903116044,103.22758379765615,329.0704643138402,62.604403970379735,330.8589061930285,145.38371380709395,328.55948091978644,104.50504228279063
labeled-data\2021-05-06_21103_001\img07738.png,364.3283185035518,104.50504228279063,284.8704007281873,102.71660040360236,323.9606303733023,64.13735415254112,326.2600556465444,142.5733051397981,323.96063037330237,103.48307549468305
labeled-data\2021-05-06_21103_001\img09188.png,363.0508600184173,106.2934841619789,286.65884260737556,103.73856719170995,324.72710546438304,67.71423791091766,326.26005564654434,142.0623217457443,325.23808885843675,105.27151737387132
labeled-data\2021-05-06_21103_001\img09530.png,366.1167603827401,105.01602567684442,287.1698260014293,101.69463361549478,326.51554734357126,65.67030433470248,327.28202243465194,143.59527192790566,326.26005564654434,104.76053397981752
labeled-data\2021-05-06_21103_001\img10947.png,361.0069264422022,102.71660040360236,291.2576931538597,100.16168343333341,325.7490722524906,68.48071300199834,327.0265307376251,137.97445459331396,325.2380888584368,102.71660040360236
labeled-data\2021-05-06_21103_001\img11115.png,356.40807589571807,103.48307549468305,289.9802346687252,102.20561700954858,324.9825971614099,71.54661336632108,323.9606303733023,135.93052101709878,323.19415528222163,104.50504228279064
labeled-data\2021-05-06_21103_001\img11717.png,364.8393018976056,104.24955058576373,285.38138412224106,101.18365022144098,324.47161376735613,66.43677942578319,325.2380888584368,144.10625532195945,324.47161376735613,105.27151737387132
labeled-data\2021-05-06_21103_001\img13587.png,360.7514347451753,102.97209210062925,291.76867654791346,100.4171751303603,324.9825971614099,68.73620469902525,326.77103904059817,137.71896289628705,324.9825971614099,103.48307549468305
labeled-data\2021-05-06_21103_001\img14412.png,368.1606939589553,101.95012531252168,284.6149090311604,101.69463361549478,326.51554734357126,62.85989566740665,327.79300582870576,142.5733051397981,325.49358055546367,104.24955058576373
labeled-data\2021-05-06_21103_001\img15347.png,363.30635171544424,101.95012531252168,290.2357263657521,100.16168343333341,326.00456394951743,67.71423791091766,327.0265307376251,139.76289647250223,326.00456394951755,102.20561700954858
labeled-data\2021-06-18_DO127_c-001-002\img00769.png,429.0800528661265,202.30071893525277,389.4864031680484,199.60586319664014,410.0087661005601,183.2294321696864,407.3139103619474,221.16470910554128,408.9722831241706,201.67882914941907
labeled-data\2021-06-18_DO127_c-001-002\img01980.png,428.56035378982983,202.893912794494,390.2701764002793,201.20080971264312,409.1547876978467,185.05121108575787,408.8943103006389,221.2575692976458,408.50359420482715,202.50319669868227
labeled-data\2021-06-18_DO127_c-001-002\img02410.png,431.8163212549277,203.54510628751356,391.18184729050665,201.9822419042666,410.8478907796976,184.66049498994613,412.2805164643406,222.03900148926928,410.9781294783015,202.37295800007834
labeled-data\2021-06-18_DO127_c-001-002\img02699.png,432.0767986521355,201.46128710985096,392.3539955779419,201.59152580845486,411.6293229713211,183.74882409971872,412.9317099573602,221.64828539345754,411.759561669925,201.46128710985096
labeled-data\2021-06-18_DO127_c-001-002\img03405.png,431.8163212549277,203.41486758890966,392.3539955779419,202.893912794494,411.8898003685289,184.79073368855003,413.5829034503798,221.77852409206145,412.41075516294455,202.63343539728618
labeled-data\2021-06-18_DO127_c-001-002\img04058.png,431.8163212549277,201.46128710985096,394.1773373583967,201.20080971264312,412.41075516294455,183.87906279832265,413.9736195461915,220.47613710602232,413.45266475177584,202.37295800007834
labeled-data\2021-06-18_DO127_c-001-002\img07152.png,425.17414762612805,200.67985491822748,396.651872631871,200.28913882241574,410.71765208109366,187.65598505783612,410.7176520810937,214.22467957303445,410.71765208109366,200.94033231543528
labeled-data\2021-06-18_DO127_c-001-002\img12926.png,425.9555798177516,201.59152580845486,396.651872631871,201.07057101403922,410.19669728667805,186.87455286621264,410.8478907796976,215.00611176465796,411.23860687550933,201.20080971264312
labeled-data\2021-06-18_DO127_c-001-002\img17260.png,428.03939899541416,202.50319669868227,398.3449757137219,201.7217645070588,412.67123256015236,188.04670115364786,413.32242605317197,216.17826005209318,413.5829034503798,201.8520032056627
labeled-data\2021-06-18_DO127_c-001-002\img17929.png,430.3836955702846,202.893912794494,394.04709865979277,202.50319669868227,410.71765208109366,186.2233593731931,412.8014712587563,221.1273305990419,411.759561669925,202.76367409589008
labeled-data\2021-06-18_DO127_c-001-002\img20711.png,431.295366460512,202.24271930147444,397.04258872768276,202.37295800007834,413.45266475177584,185.70240457877742,414.4945743406072,219.3039888185871,414.2340969433993,202.76367409589008
labeled-data\2021-06-18_DO127_c-001-002\img21134.png,431.5558438577198,203.02415149309792,394.56805345420844,202.63343539728618,412.8014712587563,184.79073368855003,413.0619486559641,220.21565970881448,412.67123256015236,202.37295800007837
labeled-data\2021-06-18_DO127_c-001-002\img21792.png,426.08581851635546,201.9822419042666,397.3030661248906,201.9822419042666,411.49908427271714,188.04670115364786,412.2805164643406,216.30849875069708,411.49908427271714,201.8520032056627
labeled-data\2021-06-18_DO127_c-001-002\img23922.png,426.60677331077113,199.76818402800006,397.69378222070236,199.11699053498052,412.0200390671328,187.13503026342048,412.8014712587563,212.66181518978752,412.15027776573675,198.9867518363766
labeled-data\2021-06-18_DO127_c-001-002\img27254.png,424.5229541331085,201.33104841124702,400.8195109871963,200.81009361683138,412.2805164643406,189.87004293410266,412.41075516294455,212.27109909397578,412.41075516294455,201.07057101403922
labeled-data\2021-06-18_DO127_c-001-002\img28491.png,425.6951024205437,201.8520032056627,395.6099630430397,201.33104841124702,410.19669728667805,187.00479156481657,410.5874133824898,213.70372477861883,410.84789077969765,201.46128710985093
labeled-data\2021-06-18_DO127_c-001-002\img29066.png,422.5693736540498,201.33104841124702,400.68927228859235,200.94033231543528,411.1083681769054,190.3909977285183,411.49908427271714,210.44775731352098,411.3688455741133,200.54961621962357
labeled-data\2021-06-18_DO127_c-001-002\img33477.png,425.304386324732,201.8520032056627,402.2521366718393,202.11248060287053,413.8433808475876,190.78171382433004,413.8433808475876,212.79205388839142,413.7131421489837,201.7217645070588
labeled-data\2021-06-18_DO127_c-001-002\img33649.png,428.82083118703764,202.37295800007834,396.78211133047495,201.59152580845486,412.2805164643406,187.13503026342048,412.41075516294455,217.08993094232056,412.8014712587563,201.85200320566273
labeled-data\2021-06-18_DO127_c-001-002\img35420.png,428.4301150912259,202.11248060287053,392.7447116737536,201.72176450705877,410.71765208109366,185.70240457877742,410.8478907796976,219.1737501199832,410.5874133824898,202.24271930147444
labeled-data\2021-06-18_DO127_c-001\img03857.png,433.0034838936669,202.92812215932733,394.73067166393025,202.17273770742463,413.4893855528472,184.04351086175987,414.6224622307013,220.17606714443895,413.61528296149766,202.550429933376
labeled-data\2021-06-18_DO127_c-001\img05351.png,430.8632279466093,202.42453252472552,394.2270820293284,202.67632734202644,412.6081036922941,185.68017717421571,412.7340011009445,219.6724775098371,412.23041146634273,202.42453252472552
labeled-data\2021-06-18_DO127_c-001\img08250.png,430.9891253552597,201.66914807282285,392.96810794282396,201.0396610295706,411.72682183174095,183.53992122715806,412.4822062836436,219.5465801011867,411.85271924039137,201.2914558468715
labeled-data\2021-06-18_DO127_c-001\img10964.png,427.21220309574625,201.92094289012374,397.12272242828874,201.54325066417238,411.72682183174095,187.56863830397248,412.2304114663427,215.0142733897705,411.47502701444,201.9209428901237
labeled-data\2021-06-18_DO127_c-001\img11564.png,427.21220309574625,201.2914558468715,396.61913279368696,201.16555843822104,411.3491296057896,186.56145903476886,412.10451405769226,216.273247476275,411.97861664904184,201.54325066417238
labeled-data\2021-06-18_DO127_c-001\img12905.png,426.4568186438435,201.41735325552193,396.49323538503654,201.16555843822104,410.8455399711878,186.68735644341933,411.97861664904184,215.26606820707138,411.0973347884887,201.2914558468715
labeled-data\2021-06-18_DO127_c-001\img13047.png,429.6042538601048,201.79504548147327,395.4860561158329,201.16555843822104,412.35630887499315,186.05786940016708,412.35630887499315,217.7840163800804,412.859898509595,202.04684029877419
labeled-data\2021-06-18_DO127_c-001\img14073.png,422.80579379298047,200.66196880361923,400.6478498705014,200.2842765776679,412.10451405769226,189.83479165968055,411.97861664904184,210.85965890430566,412.23041146634273,200.41017398631834
labeled-data\2021-06-18_DO127_c-001\img14163.png,423.8129730621841,200.5360713949688,400.7737472791518,200.66196880361923,412.10451405769226,189.70889425103013,412.6081036922941,211.48914594755792,412.23041146634273,201.0396610295706
labeled-data\2021-06-18_DO127_c-001\img17288.png,431.2409201725606,203.80940401988047,400.5219524618509,203.30581438527867,415.6296414999049,188.827612390477,416.51092336045804,218.0358111973813,415.75553890855537,203.17991697662822
labeled-data\2021-06-18_DO127_c-001\img17588.png,431.2409201725606,202.17273770742463,395.23426129853203,202.04684029877419,412.6081036922941,185.05069013096346,414.11887259609944,219.04299046658488,413.74118037014813,202.80222475067688
labeled-data\2021-06-18_DO127_c-001\img18453.png,428.97476681685254,202.550429933376,391.4573390390185,202.17273770742463,409.7124632933337,184.54710049636168,410.5937451538869,219.1688878752353,410.2160529279355,202.8022247506769
labeled-data\2021-06-18_DO127_c-001\img18767.png,423.6870756535336,200.15837916901745,398.12990169749236,200.5360713949688,410.71964256253733,187.56863830397248,410.9714373798382,213.12581226001376,410.71964256253733,200.91376362092012
labeled-data\2021-06-18_DO127_c-001\img23452.png,425.70143419194085,201.54325066417238,401.65502913970494,201.16555843822104,412.98579591824546,188.827612390477,413.36348814419677,211.7409407648588,412.98579591824546,201.2914558468715
labeled-data\2021-06-18_DO127_c-001\img25377.png,424.8201523313877,200.66196880361923,397.3745172455897,200.15837916901745,411.6009244230905,188.07222793857426,411.85271924039137,212.87401744271284,411.3491296057896,200.41017398631834
labeled-data\2021-06-18_DO127_c-001\img27084.png,419.78425598536967,200.03248176036698,404.9283617646166,200.2842765776679,412.10451405769226,193.61171391919407,412.10451405769226,207.08273664479216,412.23041146634273,200.78786621226968
labeled-data\2021-06-18_DO127_c-001\img28441.png,427.9675875476489,201.2914558468715,395.6119535244834,201.66914807282285,410.9714373798382,186.93915126072022,412.859898509595,215.14017079842094,410.9714373798382,201.66914807282285
labeled-data\2021-06-18_DO127_c-001\img31373.png,430.233740903357,200.5360713949688,397.6263120628906,200.91376362092012,412.73400110094445,185.55427976556527,413.61528296149766,216.77683711087678,412.859898509595,201.41735325552193
labeled-data\2021-06-18_DO127_c-001\img31737.png,423.6870756535336,200.66196880361923,398.8852861493951,200.66196880361923,410.9714373798382,188.827612390477,411.0973347884887,212.87401744271284,411.0973347884887,200.91376362092012
labeled-data\2021-06-18_DO127_c-001\img32159.png,422.93169120163094,199.5288921257652,402.1586187743068,199.65478953441564,412.23041146634273,189.70889425103013,412.73400110094445,209.60068481780118,412.3563088749932,200.032481760367
